{"cameraMode":{"drawMode":0,"name":"Shaded","section":"Shading Mode"},"sceneLighting":false,"audioPlay":false,"sceneViewState":{"showFog":true,"showMaterialUpdate":false,"showSkybox":false,"showFlares":true,"showImageEffects":true,"showParticleSystems":true},"in2DMode":false,"pivot":{"x":-40.96540451049805,"y":-3.8146286010742189,"z":203.2794952392578},"rotation":{"x":-0.055661629885435107,"y":0.8636886477470398,"z":-0.09784639626741409,"w":-0.4913068115711212},"size":4.657884120941162,"orthographic":false}